,Sharp,RetYearly,STD,MDD,R2VaR,R2CVaR
0,0.45823182841739246,0.29716232708023926,0.6484977879135039,0.6224355310458227,-0.07355306526614108,-1.3660770078974651
