,Sharp,RetYearly,STD,MDD,R2VaR,R2CVaR
0,-0.08766305016727714,-0.030041633589785732,0.342694368179761,0.5607680216731239,-0.0069320344880237205,-0.4554046132331031
